primary_key,symbol,date,sentiment_score,stock_rec,total_rec
Apple_2023-09-05,AAPL,2023-09-05,positive,Sell,Hold
Apple_2023-09-06,AAPL,2023-09-06,neutral,Sell,Sell
Apple_2023-09-08,AAPL,2023-09-08,neutral,Sell,Sell
Apple_2023-09-11,AAPL,2023-09-11,positive,Sell,Hold
Apple_2023-09-13,AAPL,2023-09-13,positive,Sell,Hold
Apple_2023-09-14,AAPL,2023-09-14,positive,Sell,Hold
Apple_2023-09-18,AAPL,2023-09-18,positive,Sell,Hold
Apple_2023-09-19,AAPL,2023-09-19,positive,Buy,Strong Buy
Apple_2023-09-20,AAPL,2023-09-20,positive,Sell,Hold
Apple_2023-09-22,AAPL,2023-09-22,positive,Sell,Hold
Apple_2023-09-25,AAPL,2023-09-25,positive,Buy,Strong Buy
Apple_2023-09-26,AAPL,2023-09-26,positive,Sell,Hold
Apple_2023-09-27,AAPL,2023-09-27,positive,Buy,Strong Buy
Apple_2023-09-28,AAPL,2023-09-28,neutral,Sell,Sell
Apple_2023-09-29,AAPL,2023-09-29,positive,Sell,Hold
Amgen_2023-09-01,AMGN,2023-09-01,positive,Sell,Hold
Amgen_2023-09-05,AMGN,2023-09-05,positive,Buy,Strong Buy
Amgen_2023-09-06,AMGN,2023-09-06,positive,Buy,Strong Buy
Amgen_2023-09-07,AMGN,2023-09-07,positive,Sell,Hold
Amgen_2023-09-08,AMGN,2023-09-08,neutral,Buy,Buy
Amgen_2023-09-11,AMGN,2023-09-11,positive,Sell,Hold
Amgen_2023-09-12,AMGN,2023-09-12,positive,Sell,Hold
Amgen_2023-09-13,AMGN,2023-09-13,neutral,Sell,Sell
Amgen_2023-09-14,AMGN,2023-09-14,positive,Sell,Hold
Amgen_2023-09-15,AMGN,2023-09-15,positive,Sell,Hold
Amgen_2023-09-18,AMGN,2023-09-18,neutral,Buy,Buy
Amgen_2023-09-19,AMGN,2023-09-19,positive,Sell,Hold
Amgen_2023-09-20,AMGN,2023-09-20,neutral,Buy,Buy
Amgen_2023-09-21,AMGN,2023-09-21,neutral,Sell,Sell
Amgen_2023-09-22,AMGN,2023-09-22,positive,Sell,Hold
Amgen_2023-09-25,AMGN,2023-09-25,positive,Buy,Strong Buy
Amgen_2023-09-26,AMGN,2023-09-26,neutral,Sell,Sell
Amgen_2023-09-27,AMGN,2023-09-27,neutral,Buy,Buy
Amgen_2023-09-28,AMGN,2023-09-28,positive,Sell,Hold
Amgen_2023-09-29,AMGN,2023-09-29,positive,Sell,Hold
Boeing_2023-09-01,BA,2023-09-01,neutral,Sell,Sell
Boeing_2023-09-05,BA,2023-09-05,positive,Sell,Hold
Boeing_2023-09-06,BA,2023-09-06,positive,Buy,Strong Buy
Boeing_2023-09-07,BA,2023-09-07,positive,Sell,Hold
Boeing_2023-09-08,BA,2023-09-08,positive,Buy,Strong Buy
Boeing_2023-09-11,BA,2023-09-11,positive,Sell,Hold
Boeing_2023-09-12,BA,2023-09-12,positive,Sell,Hold
Boeing_2023-09-13,BA,2023-09-13,positive,Sell,Hold
Boeing_2023-09-14,BA,2023-09-14,positive,Sell,Hold
Boeing_2023-09-15,BA,2023-09-15,positive,Buy,Strong Buy
Boeing_2023-09-18,BA,2023-09-18,positive,Sell,Hold
Boeing_2023-09-19,BA,2023-09-19,neutral,Buy,Buy
Boeing_2023-09-20,BA,2023-09-20,negative,Sell,Strong Sell
Boeing_2023-09-21,BA,2023-09-21,neutral,Sell,Sell
Boeing_2023-09-22,BA,2023-09-22,positive,Buy,Strong Buy
Boeing_2023-09-25,BA,2023-09-25,positive,Sell,Hold
Boeing_2023-09-26,BA,2023-09-26,neutral,Sell,Sell
Boeing_2023-09-27,BA,2023-09-27,neutral,Buy,Buy
Boeing_2023-09-28,BA,2023-09-28,neutral,Sell,Sell
Boeing_2023-09-29,BA,2023-09-29,positive,Sell,Hold
Caterpillar_2023-09-01,CAT,2023-09-01,negative,Buy,Hold
Caterpillar_2023-09-05,CAT,2023-09-05,neutral,Sell,Sell
Caterpillar_2023-09-06,CAT,2023-09-06,positive,Sell,Hold
Caterpillar_2023-09-07,CAT,2023-09-07,neutral,Sell,Sell
Caterpillar_2023-09-08,CAT,2023-09-08,neutral,Sell,Sell
Caterpillar_2023-09-11,CAT,2023-09-11,positive,Buy,Strong Buy
Caterpillar_2023-09-12,CAT,2023-09-12,neutral,Buy,Buy
Caterpillar_2023-09-13,CAT,2023-09-13,positive,Buy,Strong Buy
Caterpillar_2023-09-14,CAT,2023-09-14,positive,Sell,Hold
Caterpillar_2023-09-15,CAT,2023-09-15,neutral,Sell,Sell
Caterpillar_2023-09-18,CAT,2023-09-18,neutral,Sell,Sell
Caterpillar_2023-09-19,CAT,2023-09-19,positive,Sell,Hold
Caterpillar_2023-09-20,CAT,2023-09-20,neutral,Buy,Buy
Caterpillar_2023-09-21,CAT,2023-09-21,neutral,Buy,Buy
Caterpillar_2023-09-22,CAT,2023-09-22,neutral,Sell,Sell
Caterpillar_2023-09-25,CAT,2023-09-25,positive,Sell,Hold
Caterpillar_2023-09-26,CAT,2023-09-26,positive,Sell,Hold
Caterpillar_2023-09-27,CAT,2023-09-27,negative,Sell,Strong Sell
Caterpillar_2023-09-28,CAT,2023-09-28,negative,Buy,Hold
Caterpillar_2023-09-29,CAT,2023-09-29,neutral,Sell,Sell
Salesforce_2023-09-01,CRM,2023-09-01,positive,Sell,Hold
Salesforce_2023-09-05,CRM,2023-09-05,positive,Sell,Hold
Salesforce_2023-09-06,CRM,2023-09-06,positive,Sell,Hold
Salesforce_2023-09-07,CRM,2023-09-07,positive,Sell,Hold
Salesforce_2023-09-08,CRM,2023-09-08,positive,Sell,Hold
Salesforce_2023-09-11,CRM,2023-09-11,positive,Sell,Hold
Salesforce_2023-09-12,CRM,2023-09-12,positive,Buy,Strong Buy
Salesforce_2023-09-13,CRM,2023-09-13,positive,Buy,Strong Buy
Salesforce_2023-09-14,CRM,2023-09-14,positive,Sell,Hold
Salesforce_2023-09-15,CRM,2023-09-15,positive,Buy,Strong Buy
Salesforce_2023-09-18,CRM,2023-09-18,positive,Sell,Hold
Salesforce_2023-09-19,CRM,2023-09-19,positive,Sell,Hold
Salesforce_2023-09-20,CRM,2023-09-20,positive,Buy,Strong Buy
Salesforce_2023-09-21,CRM,2023-09-21,positive,Buy,Strong Buy
Salesforce_2023-09-22,CRM,2023-09-22,neutral,Sell,Sell
Salesforce_2023-09-25,CRM,2023-09-25,positive,Sell,Hold
Salesforce_2023-09-26,CRM,2023-09-26,positive,Buy,Strong Buy
Salesforce_2023-09-27,CRM,2023-09-27,positive,Sell,Hold
Salesforce_2023-09-28,CRM,2023-09-28,positive,Sell,Hold
Salesforce_2023-09-29,CRM,2023-09-29,positive,Buy,Strong Buy
Cisco_2023-09-01,CSCO,2023-09-01,positive,Buy,Strong Buy
Cisco_2023-09-05,CSCO,2023-09-05,positive,Sell,Hold
Cisco_2023-09-06,CSCO,2023-09-06,positive,Buy,Strong Buy
Cisco_2023-09-07,CSCO,2023-09-07,neutral,Buy,Buy
Cisco_2023-09-08,CSCO,2023-09-08,positive,Sell,Hold
Cisco_2023-09-11,CSCO,2023-09-11,positive,Sell,Hold
Cisco_2023-09-12,CSCO,2023-09-12,positive,Buy,Strong Buy
Cisco_2023-09-13,CSCO,2023-09-13,neutral,Sell,Sell
Cisco_2023-09-14,CSCO,2023-09-14,positive,Sell,Hold
Cisco_2023-09-15,CSCO,2023-09-15,positive,Buy,Strong Buy
Cisco_2023-09-18,CSCO,2023-09-18,positive,Sell,Hold
Cisco_2023-09-19,CSCO,2023-09-19,neutral,Buy,Buy
Cisco_2023-09-20,CSCO,2023-09-20,positive,Buy,Strong Buy
Cisco_2023-09-21,CSCO,2023-09-21,positive,Buy,Strong Buy
Cisco_2023-09-22,CSCO,2023-09-22,positive,Sell,Hold
Cisco_2023-09-25,CSCO,2023-09-25,neutral,Sell,Sell
Cisco_2023-09-26,CSCO,2023-09-26,positive,Buy,Strong Buy
Cisco_2023-09-27,CSCO,2023-09-27,negative,Sell,Strong Sell
Cisco_2023-09-28,CSCO,2023-09-28,positive,Buy,Strong Buy
Cisco_2023-09-29,CSCO,2023-09-29,neutral,Sell,Sell
Chevron_2023-09-01,CVX,2023-09-01,neutral,Buy,Buy
Chevron_2023-09-05,CVX,2023-09-05,positive,Buy,Strong Buy
Chevron_2023-09-06,CVX,2023-09-06,neutral,Sell,Sell
Chevron_2023-09-07,CVX,2023-09-07,neutral,Sell,Sell
Chevron_2023-09-08,CVX,2023-09-08,neutral,Sell,Sell
Chevron_2023-09-11,CVX,2023-09-11,positive,Sell,Hold
Chevron_2023-09-12,CVX,2023-09-12,positive,Sell,Hold
Chevron_2023-09-13,CVX,2023-09-13,positive,Sell,Hold
Chevron_2023-09-14,CVX,2023-09-14,positive,Sell,Hold
Chevron_2023-09-15,CVX,2023-09-15,neutral,Buy,Buy
Chevron_2023-09-18,CVX,2023-09-18,positive,Sell,Hold
Chevron_2023-09-19,CVX,2023-09-19,neutral,Buy,Buy
Chevron_2023-09-20,CVX,2023-09-20,positive,Buy,Strong Buy
Chevron_2023-09-21,CVX,2023-09-21,neutral,Buy,Buy
Chevron_2023-09-22,CVX,2023-09-22,neutral,Sell,Sell
Chevron_2023-09-25,CVX,2023-09-25,positive,Sell,Hold
Chevron_2023-09-26,CVX,2023-09-26,positive,Sell,Hold
Chevron_2023-09-27,CVX,2023-09-27,positive,Sell,Hold
Chevron_2023-09-28,CVX,2023-09-28,positive,Sell,Hold
Chevron_2023-09-29,CVX,2023-09-29,positive,Sell,Hold
Disney_2023-09-01,DIS,2023-09-01,neutral,Sell,Sell
Disney_2023-09-05,DIS,2023-09-05,neutral,Sell,Sell
Disney_2023-09-06,DIS,2023-09-06,positive,Sell,Hold
Disney_2023-09-07,DIS,2023-09-07,positive,Sell,Hold
Disney_2023-09-08,DIS,2023-09-08,positive,Sell,Hold
Disney_2023-09-11,DIS,2023-09-11,positive,Buy,Strong Buy
Disney_2023-09-12,DIS,2023-09-12,positive,Buy,Strong Buy
Disney_2023-09-13,DIS,2023-09-13,positive,Sell,Hold
Disney_2023-09-14,DIS,2023-09-14,positive,Buy,Strong Buy
Disney_2023-09-15,DIS,2023-09-15,positive,Buy,Strong Buy
Disney_2023-09-18,DIS,2023-09-18,positive,Sell,Hold
Disney_2023-09-19,DIS,2023-09-19,positive,Sell,Hold
Disney_2023-09-20,DIS,2023-09-20,positive,Sell,Hold
Disney_2023-09-21,DIS,2023-09-21,positive,Sell,Hold
Disney_2023-09-22,DIS,2023-09-22,positive,Buy,Strong Buy
Disney_2023-09-25,DIS,2023-09-25,positive,Sell,Hold
Disney_2023-09-26,DIS,2023-09-26,positive,Buy,Strong Buy
Disney_2023-09-27,DIS,2023-09-27,positive,Sell,Hold
Disney_2023-09-28,DIS,2023-09-28,positive,Sell,Hold
Disney_2023-09-29,DIS,2023-09-29,positive,Sell,Hold
Dow Chemical_2023-09-01,DOW,2023-09-01,positive,Buy,Strong Buy
Dow Chemical_2023-09-05,DOW,2023-09-05,positive,Sell,Hold
Dow Chemical_2023-09-06,DOW,2023-09-06,neutral,Sell,Sell
Dow Chemical_2023-09-07,DOW,2023-09-07,neutral,Sell,Sell
Dow Chemical_2023-09-08,DOW,2023-09-08,neutral,Buy,Buy
Dow Chemical_2023-09-11,DOW,2023-09-11,positive,Sell,Hold
Dow Chemical_2023-09-12,DOW,2023-09-12,positive,Sell,Hold
Dow Chemical_2023-09-13,DOW,2023-09-13,positive,Buy,Strong Buy
Dow Chemical_2023-09-14,DOW,2023-09-14,positive,Sell,Hold
Dow Chemical_2023-09-15,DOW,2023-09-15,neutral,Sell,Sell
Dow Chemical_2023-09-18,DOW,2023-09-18,positive,Sell,Hold
Dow Chemical_2023-09-19,DOW,2023-09-19,neutral,Buy,Buy
Dow Chemical_2023-09-20,DOW,2023-09-20,positive,Buy,Strong Buy
Dow Chemical_2023-09-21,DOW,2023-09-21,neutral,Buy,Buy
Dow Chemical_2023-09-22,DOW,2023-09-22,neutral,Sell,Sell
Dow Chemical_2023-09-25,DOW,2023-09-25,neutral,Sell,Sell
Dow Chemical_2023-09-26,DOW,2023-09-26,neutral,Sell,Sell
Dow Chemical_2023-09-27,DOW,2023-09-27,negative,Sell,Strong Sell
Dow Chemical_2023-09-28,DOW,2023-09-28,neutral,Sell,Sell
Dow Chemical_2023-09-29,DOW,2023-09-29,negative,Buy,Hold
Goldman Sachs_2023-09-01,GS,2023-09-01,positive,Sell,Hold
Goldman Sachs_2023-09-05,GS,2023-09-05,neutral,Sell,Sell
Goldman Sachs_2023-09-06,GS,2023-09-06,positive,Buy,Strong Buy
Goldman Sachs_2023-09-07,GS,2023-09-07,positive,Sell,Hold
Goldman Sachs_2023-09-08,GS,2023-09-08,neutral,Sell,Sell
Goldman Sachs_2023-09-11,GS,2023-09-11,positive,Sell,Hold
Goldman Sachs_2023-09-12,GS,2023-09-12,positive,Buy,Strong Buy
Goldman Sachs_2023-09-13,GS,2023-09-13,positive,Buy,Strong Buy
Goldman Sachs_2023-09-14,GS,2023-09-14,positive,Buy,Strong Buy
Goldman Sachs_2023-09-15,GS,2023-09-15,positive,Sell,Hold
Goldman Sachs_2023-09-18,GS,2023-09-18,positive,Sell,Hold
Goldman Sachs_2023-09-19,GS,2023-09-19,positive,Sell,Hold
Goldman Sachs_2023-09-20,GS,2023-09-20,positive,Buy,Strong Buy
Goldman Sachs_2023-09-21,GS,2023-09-21,neutral,Buy,Buy
Goldman Sachs_2023-09-22,GS,2023-09-22,neutral,Sell,Sell
Goldman Sachs_2023-09-25,GS,2023-09-25,neutral,Sell,Sell
Goldman Sachs_2023-09-26,GS,2023-09-26,neutral,Buy,Buy
Goldman Sachs_2023-09-27,GS,2023-09-27,positive,Sell,Hold
Goldman Sachs_2023-09-28,GS,2023-09-28,positive,Sell,Hold
Goldman Sachs_2023-09-29,GS,2023-09-29,neutral,Buy,Buy
Home Depot_2023-09-01,HD,2023-09-01,neutral,Buy,Buy
Home Depot_2023-09-05,HD,2023-09-05,neutral,Sell,Sell
Home Depot_2023-09-06,HD,2023-09-06,neutral,Buy,Buy
Home Depot_2023-09-07,HD,2023-09-07,positive,Sell,Hold
Home Depot_2023-09-08,HD,2023-09-08,neutral,Buy,Buy
Home Depot_2023-09-11,HD,2023-09-11,positive,Sell,Hold
Home Depot_2023-09-12,HD,2023-09-12,positive,Sell,Hold
Home Depot_2023-09-13,HD,2023-09-13,positive,Sell,Hold
Home Depot_2023-09-14,HD,2023-09-14,neutral,Sell,Sell
Home Depot_2023-09-15,HD,2023-09-15,positive,Sell,Hold
Home Depot_2023-09-18,HD,2023-09-18,positive,Buy,Strong Buy
Home Depot_2023-09-19,HD,2023-09-19,neutral,Sell,Sell
Home Depot_2023-09-20,HD,2023-09-20,neutral,Buy,Buy
Home Depot_2023-09-21,HD,2023-09-21,positive,Buy,Strong Buy
Home Depot_2023-09-22,HD,2023-09-22,neutral,Sell,Sell
Home Depot_2023-09-25,HD,2023-09-25,neutral,Sell,Sell
Home Depot_2023-09-26,HD,2023-09-26,neutral,Sell,Sell
Home Depot_2023-09-27,HD,2023-09-27,neutral,Sell,Sell
Home Depot_2023-09-28,HD,2023-09-28,negative,Buy,Hold
Home Depot_2023-09-29,HD,2023-09-29,neutral,Sell,Sell
IBM_2023-09-01,IBM,2023-09-01,positive,Buy,Strong Buy
IBM_2023-09-05,IBM,2023-09-05,positive,Sell,Hold
IBM_2023-09-06,IBM,2023-09-06,positive,Sell,Hold
IBM_2023-09-07,IBM,2023-09-07,positive,Buy,Strong Buy
IBM_2023-09-08,IBM,2023-09-08,neutral,Sell,Sell
IBM_2023-09-11,IBM,2023-09-11,neutral,Sell,Sell
IBM_2023-09-12,IBM,2023-09-12,positive,Buy,Strong Buy
IBM_2023-09-13,IBM,2023-09-13,positive,Sell,Hold
IBM_2023-09-14,IBM,2023-09-14,neutral,Sell,Sell
IBM_2023-09-15,IBM,2023-09-15,neutral,Buy,Buy
IBM_2023-09-18,IBM,2023-09-18,neutral,Buy,Buy
IBM_2023-09-19,IBM,2023-09-19,negative,Sell,Strong Sell
IBM_2023-09-20,IBM,2023-09-20,positive,Buy,Strong Buy
IBM_2023-09-21,IBM,2023-09-21,positive,Sell,Hold
IBM_2023-09-22,IBM,2023-09-22,neutral,Buy,Buy
IBM_2023-09-25,IBM,2023-09-25,positive,Buy,Strong Buy
IBM_2023-09-26,IBM,2023-09-26,positive,Buy,Strong Buy
IBM_2023-09-27,IBM,2023-09-27,positive,Sell,Hold
IBM_2023-09-28,IBM,2023-09-28,positive,Buy,Strong Buy
IBM_2023-09-29,IBM,2023-09-29,neutral,Sell,Sell
Intel_2023-09-01,INTC,2023-09-01,positive,Buy,Strong Buy
Intel_2023-09-05,INTC,2023-09-05,positive,Sell,Hold
Intel_2023-09-06,INTC,2023-09-06,positive,Sell,Hold
Intel_2023-09-07,INTC,2023-09-07,neutral,Buy,Buy
Intel_2023-09-08,INTC,2023-09-08,positive,Sell,Hold
Intel_2023-09-11,INTC,2023-09-11,positive,Buy,Strong Buy
Intel_2023-09-12,INTC,2023-09-12,positive,Sell,Hold
Intel_2023-09-13,INTC,2023-09-13,positive,Buy,Strong Buy
Intel_2023-09-14,INTC,2023-09-14,positive,Buy,Strong Buy
Intel_2023-09-15,INTC,2023-09-15,positive,Buy,Strong Buy
Intel_2023-09-18,INTC,2023-09-18,positive,Sell,Hold
Intel_2023-09-19,INTC,2023-09-19,positive,Buy,Strong Buy
Intel_2023-09-20,INTC,2023-09-20,positive,Buy,Strong Buy
Intel_2023-09-21,INTC,2023-09-21,positive,Sell,Hold
Intel_2023-09-22,INTC,2023-09-22,positive,Sell,Hold
Intel_2023-09-25,INTC,2023-09-25,neutral,Sell,Sell
Intel_2023-09-26,INTC,2023-09-26,positive,Sell,Hold
Intel_2023-09-27,INTC,2023-09-27,neutral,Sell,Sell
Intel_2023-09-28,INTC,2023-09-28,positive,Buy,Strong Buy
Intel_2023-09-29,INTC,2023-09-29,positive,Buy,Strong Buy
Johnson & Johnson_2023-09-01,JNJ,2023-09-01,positive,Sell,Hold
Johnson & Johnson_2023-09-05,JNJ,2023-09-05,positive,Sell,Hold
Johnson & Johnson_2023-09-06,JNJ,2023-09-06,neutral,Sell,Sell
Johnson & Johnson_2023-09-07,JNJ,2023-09-07,positive,Sell,Hold
Johnson & Johnson_2023-09-08,JNJ,2023-09-08,positive,Buy,Strong Buy
Johnson & Johnson_2023-09-11,JNJ,2023-09-11,positive,Buy,Strong Buy
Johnson & Johnson_2023-09-12,JNJ,2023-09-12,positive,Sell,Hold
Johnson & Johnson_2023-09-13,JNJ,2023-09-13,positive,Sell,Hold
Johnson & Johnson_2023-09-14,JNJ,2023-09-14,positive,Sell,Hold
Johnson & Johnson_2023-09-15,JNJ,2023-09-15,positive,Sell,Hold
Johnson & Johnson_2023-09-18,JNJ,2023-09-18,positive,Sell,Hold
Johnson & Johnson_2023-09-19,JNJ,2023-09-19,neutral,Sell,Sell
Johnson & Johnson_2023-09-20,JNJ,2023-09-20,positive,Buy,Strong Buy
Johnson & Johnson_2023-09-21,JNJ,2023-09-21,neutral,Sell,Sell
Johnson & Johnson_2023-09-22,JNJ,2023-09-22,positive,Buy,Strong Buy
Johnson & Johnson_2023-09-25,JNJ,2023-09-25,positive,Sell,Hold
Johnson & Johnson_2023-09-26,JNJ,2023-09-26,neutral,Buy,Buy
Johnson & Johnson_2023-09-27,JNJ,2023-09-27,positive,Buy,Strong Buy
Johnson & Johnson_2023-09-28,JNJ,2023-09-28,positive,Sell,Hold
Johnson & Johnson_2023-09-29,JNJ,2023-09-29,positive,Buy,Strong Buy
JPMorgan Chase_2023-09-01,JPM,2023-09-01,positive,Buy,Strong Buy
JPMorgan Chase_2023-09-05,JPM,2023-09-05,positive,Sell,Hold
JPMorgan Chase_2023-09-06,JPM,2023-09-06,neutral,Sell,Sell
JPMorgan Chase_2023-09-07,JPM,2023-09-07,positive,Sell,Hold
JPMorgan Chase_2023-09-08,JPM,2023-09-08,positive,Sell,Hold
JPMorgan Chase_2023-09-11,JPM,2023-09-11,positive,Buy,Strong Buy
JPMorgan Chase_2023-09-12,JPM,2023-09-12,positive,Buy,Strong Buy
JPMorgan Chase_2023-09-13,JPM,2023-09-13,positive,Sell,Hold
JPMorgan Chase_2023-09-14,JPM,2023-09-14,positive,Buy,Strong Buy
JPMorgan Chase_2023-09-15,JPM,2023-09-15,positive,Sell,Hold
JPMorgan Chase_2023-09-18,JPM,2023-09-18,positive,Sell,Hold
JPMorgan Chase_2023-09-19,JPM,2023-09-19,positive,Sell,Hold
JPMorgan Chase_2023-09-20,JPM,2023-09-20,positive,Sell,Hold
JPMorgan Chase_2023-09-21,JPM,2023-09-21,neutral,Buy,Buy
JPMorgan Chase_2023-09-22,JPM,2023-09-22,neutral,Buy,Buy
JPMorgan Chase_2023-09-25,JPM,2023-09-25,positive,Sell,Hold
JPMorgan Chase_2023-09-26,JPM,2023-09-26,positive,Buy,Strong Buy
JPMorgan Chase_2023-09-27,JPM,2023-09-27,positive,Sell,Hold
JPMorgan Chase_2023-09-28,JPM,2023-09-28,positive,Sell,Hold
JPMorgan Chase_2023-09-29,JPM,2023-09-29,positive,Sell,Hold
Coca-Cola_2023-09-01,KO,2023-09-01,positive,Buy,Strong Buy
Coca-Cola_2023-09-05,KO,2023-09-05,positive,Buy,Strong Buy
Coca-Cola_2023-09-06,KO,2023-09-06,positive,Sell,Hold
Coca-Cola_2023-09-07,KO,2023-09-07,positive,Buy,Strong Buy
Coca-Cola_2023-09-08,KO,2023-09-08,positive,Sell,Hold
Coca-Cola_2023-09-11,KO,2023-09-11,positive,Sell,Hold
Coca-Cola_2023-09-12,KO,2023-09-12,positive,Sell,Hold
Coca-Cola_2023-09-13,KO,2023-09-13,positive,Buy,Strong Buy
Coca-Cola_2023-09-14,KO,2023-09-14,positive,Buy,Strong Buy
Coca-Cola_2023-09-15,KO,2023-09-15,positive,Sell,Hold
Coca-Cola_2023-09-18,KO,2023-09-18,positive,Sell,Hold
Coca-Cola_2023-09-19,KO,2023-09-19,positive,Sell,Hold
Coca-Cola_2023-09-20,KO,2023-09-20,positive,Buy,Strong Buy
Coca-Cola_2023-09-21,KO,2023-09-21,positive,Sell,Hold
Coca-Cola_2023-09-22,KO,2023-09-22,positive,Sell,Hold
Coca-Cola_2023-09-25,KO,2023-09-25,neutral,Buy,Buy
Coca-Cola_2023-09-26,KO,2023-09-26,positive,Buy,Strong Buy
Coca-Cola_2023-09-27,KO,2023-09-27,positive,Buy,Strong Buy
Coca-Cola_2023-09-28,KO,2023-09-28,positive,Sell,Hold
Coca-Cola_2023-09-29,KO,2023-09-29,positive,Sell,Hold
McDonalds_2023-09-01,MCD,2023-09-01,positive,Sell,Hold
McDonalds_2023-09-05,MCD,2023-09-05,positive,Buy,Strong Buy
McDonalds_2023-09-06,MCD,2023-09-06,positive,Buy,Strong Buy
McDonalds_2023-09-07,MCD,2023-09-07,positive,Sell,Hold
McDonalds_2023-09-08,MCD,2023-09-08,positive,Buy,Strong Buy
McDonalds_2023-09-11,MCD,2023-09-11,positive,Buy,Strong Buy
McDonalds_2023-09-12,MCD,2023-09-12,positive,Buy,Strong Buy
McDonalds_2023-09-13,MCD,2023-09-13,positive,Buy,Strong Buy
McDonalds_2023-09-14,MCD,2023-09-14,positive,Buy,Strong Buy
McDonalds_2023-09-15,MCD,2023-09-15,positive,Sell,Hold
McDonalds_2023-09-18,MCD,2023-09-18,positive,Sell,Hold
McDonalds_2023-09-19,MCD,2023-09-19,neutral,Sell,Sell
McDonalds_2023-09-20,MCD,2023-09-20,positive,Buy,Strong Buy
McDonalds_2023-09-21,MCD,2023-09-21,positive,Buy,Strong Buy
McDonalds_2023-09-22,MCD,2023-09-22,positive,Sell,Hold
McDonalds_2023-09-25,MCD,2023-09-25,positive,Buy,Strong Buy
McDonalds_2023-09-26,MCD,2023-09-26,neutral,Sell,Sell
McDonalds_2023-09-27,MCD,2023-09-27,neutral,Buy,Buy
McDonalds_2023-09-28,MCD,2023-09-28,positive,Sell,Hold
McDonalds_2023-09-29,MCD,2023-09-29,positive,Sell,Hold
3M_2023-09-01,MMM,2023-09-01,positive,Sell,Hold
3M_2023-09-05,MMM,2023-09-05,neutral,Sell,Sell
3M_2023-09-06,MMM,2023-09-06,neutral,Sell,Sell
3M_2023-09-07,MMM,2023-09-07,positive,Buy,Strong Buy
3M_2023-09-08,MMM,2023-09-08,neutral,Sell,Sell
3M_2023-09-11,MMM,2023-09-11,positive,Sell,Hold
3M_2023-09-12,MMM,2023-09-12,positive,Sell,Hold
3M_2023-09-13,MMM,2023-09-13,neutral,Buy,Buy
3M_2023-09-14,MMM,2023-09-14,positive,Sell,Hold
3M_2023-09-15,MMM,2023-09-15,positive,Buy,Strong Buy
3M_2023-09-18,MMM,2023-09-18,positive,Sell,Hold
3M_2023-09-19,MMM,2023-09-19,neutral,Sell,Sell
3M_2023-09-20,MMM,2023-09-20,neutral,Buy,Buy
3M_2023-09-21,MMM,2023-09-21,neutral,Buy,Buy
3M_2023-09-22,MMM,2023-09-22,positive,Sell,Hold
3M_2023-09-25,MMM,2023-09-25,positive,Buy,Strong Buy
3M_2023-09-26,MMM,2023-09-26,positive,Sell,Hold
3M_2023-09-27,MMM,2023-09-27,positive,Sell,Hold
3M_2023-09-28,MMM,2023-09-28,neutral,Sell,Sell
3M_2023-09-29,MMM,2023-09-29,neutral,Buy,Buy
Merck_2023-09-01,MRK,2023-09-01,neutral,Sell,Sell
Merck_2023-09-05,MRK,2023-09-05,positive,Buy,Strong Buy
Merck_2023-09-06,MRK,2023-09-06,positive,Buy,Strong Buy
Merck_2023-09-07,MRK,2023-09-07,neutral,Sell,Sell
Merck_2023-09-08,MRK,2023-09-08,positive,Sell,Hold
Merck_2023-09-11,MRK,2023-09-11,positive,Sell,Hold
Merck_2023-09-12,MRK,2023-09-12,neutral,Buy,Buy
Merck_2023-09-13,MRK,2023-09-13,positive,Sell,Hold
Merck_2023-09-14,MRK,2023-09-14,positive,Sell,Hold
Merck_2023-09-15,MRK,2023-09-15,neutral,Sell,Sell
Merck_2023-09-18,MRK,2023-09-18,positive,Sell,Hold
Merck_2023-09-19,MRK,2023-09-19,neutral,Sell,Sell
Merck_2023-09-20,MRK,2023-09-20,positive,Sell,Hold
Merck_2023-09-21,MRK,2023-09-21,positive,Buy,Strong Buy
Merck_2023-09-22,MRK,2023-09-22,positive,Buy,Strong Buy
Merck_2023-09-25,MRK,2023-09-25,neutral,Buy,Buy
Merck_2023-09-26,MRK,2023-09-26,positive,Sell,Hold
Merck_2023-09-27,MRK,2023-09-27,neutral,Buy,Buy
Merck_2023-09-28,MRK,2023-09-28,neutral,Sell,Sell
Merck_2023-09-29,MRK,2023-09-29,positive,Buy,Strong Buy
Microsoft_2023-09-01,MSFT,2023-09-01,positive,Sell,Hold
Microsoft_2023-09-05,MSFT,2023-09-05,positive,Buy,Strong Buy
Microsoft_2023-09-06,MSFT,2023-09-06,positive,Sell,Hold
Microsoft_2023-09-07,MSFT,2023-09-07,positive,Sell,Hold
Microsoft_2023-09-08,MSFT,2023-09-08,positive,Sell,Hold
Microsoft_2023-09-11,MSFT,2023-09-11,positive,Buy,Strong Buy
Microsoft_2023-09-12,MSFT,2023-09-12,positive,Sell,Hold
Microsoft_2023-09-13,MSFT,2023-09-13,positive,Sell,Hold
Microsoft_2023-09-14,MSFT,2023-09-14,positive,Sell,Hold
Microsoft_2023-09-15,MSFT,2023-09-15,positive,Sell,Hold
Microsoft_2023-09-18,MSFT,2023-09-18,positive,Sell,Hold
Microsoft_2023-09-19,MSFT,2023-09-19,positive,Sell,Hold
Microsoft_2023-09-20,MSFT,2023-09-20,positive,Buy,Strong Buy
Microsoft_2023-09-21,MSFT,2023-09-21,positive,Sell,Hold
Microsoft_2023-09-22,MSFT,2023-09-22,positive,Sell,Hold
Microsoft_2023-09-25,MSFT,2023-09-25,positive,Sell,Hold
Microsoft_2023-09-26,MSFT,2023-09-26,positive,Buy,Strong Buy
Microsoft_2023-09-27,MSFT,2023-09-27,positive,Sell,Hold
Microsoft_2023-09-28,MSFT,2023-09-28,positive,Sell,Hold
Microsoft_2023-09-29,MSFT,2023-09-29,positive,Buy,Strong Buy
Nike_2023-09-01,NKE,2023-09-01,positive,Buy,Strong Buy
Nike_2023-09-05,NKE,2023-09-05,neutral,Sell,Sell
Nike_2023-09-06,NKE,2023-09-06,neutral,Sell,Sell
Nike_2023-09-07,NKE,2023-09-07,positive,Buy,Strong Buy
Nike_2023-09-08,NKE,2023-09-08,positive,Sell,Hold
Nike_2023-09-11,NKE,2023-09-11,neutral,Buy,Buy
Nike_2023-09-12,NKE,2023-09-12,positive,Sell,Hold
Nike_2023-09-13,NKE,2023-09-13,neutral,Sell,Sell
Nike_2023-09-14,NKE,2023-09-14,neutral,Sell,Sell
Nike_2023-09-15,NKE,2023-09-15,neutral,Sell,Sell
Nike_2023-09-18,NKE,2023-09-18,positive,Sell,Hold
Nike_2023-09-19,NKE,2023-09-19,positive,Buy,Strong Buy
Nike_2023-09-20,NKE,2023-09-20,positive,Sell,Hold
Nike_2023-09-21,NKE,2023-09-21,neutral,Buy,Buy
Nike_2023-09-22,NKE,2023-09-22,positive,Sell,Hold
Nike_2023-09-25,NKE,2023-09-25,positive,Sell,Hold
Nike_2023-09-26,NKE,2023-09-26,positive,Sell,Hold
Nike_2023-09-27,NKE,2023-09-27,positive,Buy,Strong Buy
Nike_2023-09-28,NKE,2023-09-28,neutral,Sell,Sell
Nike_2023-09-29,NKE,2023-09-29,neutral,Buy,Buy
Pfizer_2023-09-01,PFE,2023-09-01,positive,Sell,Hold
Pfizer_2023-09-05,PFE,2023-09-05,positive,Buy,Strong Buy
Pfizer_2023-09-06,PFE,2023-09-06,positive,Buy,Strong Buy
Pfizer_2023-09-07,PFE,2023-09-07,positive,Sell,Hold
Pfizer_2023-09-08,PFE,2023-09-08,positive,Sell,Hold
Pfizer_2023-09-11,PFE,2023-09-11,positive,Buy,Strong Buy
Pfizer_2023-09-12,PFE,2023-09-12,positive,Sell,Hold
Pfizer_2023-09-13,PFE,2023-09-13,positive,Buy,Strong Buy
Pfizer_2023-09-14,PFE,2023-09-14,positive,Buy,Strong Buy
Pfizer_2023-09-15,PFE,2023-09-15,positive,Sell,Hold
Pfizer_2023-09-18,PFE,2023-09-18,positive,Sell,Hold
Pfizer_2023-09-19,PFE,2023-09-19,positive,Sell,Hold
Pfizer_2023-09-20,PFE,2023-09-20,positive,Sell,Hold
Pfizer_2023-09-21,PFE,2023-09-21,positive,Sell,Hold
Pfizer_2023-09-22,PFE,2023-09-22,positive,Sell,Hold
Pfizer_2023-09-25,PFE,2023-09-25,neutral,Sell,Sell
Pfizer_2023-09-26,PFE,2023-09-26,positive,Sell,Hold
Pfizer_2023-09-27,PFE,2023-09-27,positive,Buy,Strong Buy
Pfizer_2023-09-28,PFE,2023-09-28,neutral,Sell,Sell
Pfizer_2023-09-29,PFE,2023-09-29,positive,Buy,Strong Buy
Procter & Gamble_2023-09-01,PG,2023-09-01,negative,Sell,Strong Sell
Procter & Gamble_2023-09-05,PG,2023-09-05,neutral,Sell,Sell
Procter & Gamble_2023-09-06,PG,2023-09-06,positive,Sell,Hold
Procter & Gamble_2023-09-07,PG,2023-09-07,positive,Sell,Hold
Procter & Gamble_2023-09-08,PG,2023-09-08,positive,Sell,Hold
Procter & Gamble_2023-09-11,PG,2023-09-11,neutral,Buy,Buy
Procter & Gamble_2023-09-12,PG,2023-09-12,positive,Sell,Hold
Procter & Gamble_2023-09-13,PG,2023-09-13,positive,Sell,Hold
Procter & Gamble_2023-09-14,PG,2023-09-14,positive,Buy,Strong Buy
Procter & Gamble_2023-09-15,PG,2023-09-15,positive,Sell,Hold
Procter & Gamble_2023-09-18,PG,2023-09-18,positive,Sell,Hold
Procter & Gamble_2023-09-19,PG,2023-09-19,positive,Sell,Hold
Procter & Gamble_2023-09-20,PG,2023-09-20,positive,Buy,Strong Buy
Procter & Gamble_2023-09-21,PG,2023-09-21,positive,Buy,Strong Buy
Procter & Gamble_2023-09-22,PG,2023-09-22,positive,Sell,Hold
Procter & Gamble_2023-09-25,PG,2023-09-25,neutral,Buy,Buy
Procter & Gamble_2023-09-26,PG,2023-09-26,positive,Buy,Strong Buy
Procter & Gamble_2023-09-27,PG,2023-09-27,positive,Buy,Strong Buy
Procter & Gamble_2023-09-28,PG,2023-09-28,neutral,Sell,Sell
Procter & Gamble_2023-09-29,PG,2023-09-29,positive,Sell,Hold
Raytheon_2023-09-01,RTX,2023-09-01,neutral,Buy,Buy
Raytheon_2023-09-05,RTX,2023-09-05,neutral,Sell,Sell
Raytheon_2023-09-06,RTX,2023-09-06,positive,Buy,Strong Buy
Raytheon_2023-09-07,RTX,2023-09-07,positive,Sell,Hold
Raytheon_2023-09-08,RTX,2023-09-08,positive,Buy,Strong Buy
Raytheon_2023-09-11,RTX,2023-09-11,positive,Buy,Strong Buy
Raytheon_2023-09-12,RTX,2023-09-12,positive,Sell,Hold
Raytheon_2023-09-13,RTX,2023-09-13,positive,Sell,Hold
Raytheon_2023-09-14,RTX,2023-09-14,positive,Sell,Hold
Raytheon_2023-09-15,RTX,2023-09-15,positive,Sell,Hold
Raytheon_2023-09-18,RTX,2023-09-18,positive,Buy,Strong Buy
Raytheon_2023-09-19,RTX,2023-09-19,positive,Buy,Strong Buy
Raytheon_2023-09-20,RTX,2023-09-20,positive,Sell,Hold
Raytheon_2023-09-21,RTX,2023-09-21,neutral,Sell,Sell
Raytheon_2023-09-22,RTX,2023-09-22,positive,Buy,Strong Buy
Raytheon_2023-09-25,RTX,2023-09-25,positive,Sell,Hold
Raytheon_2023-09-26,RTX,2023-09-26,positive,Buy,Strong Buy
Raytheon_2023-09-27,RTX,2023-09-27,positive,Buy,Strong Buy
Raytheon_2023-09-28,RTX,2023-09-28,positive,Sell,Hold
Raytheon_2023-09-29,RTX,2023-09-29,positive,Buy,Strong Buy
Travelers_2023-09-05,TRV,2023-09-05,positive,Sell,Hold
Travelers_2023-09-06,TRV,2023-09-06,negative,Sell,Strong Sell
Travelers_2023-09-07,TRV,2023-09-07,neutral,Buy,Buy
Travelers_2023-09-08,TRV,2023-09-08,neutral,Sell,Sell
Travelers_2023-09-11,TRV,2023-09-11,neutral,Sell,Sell
Travelers_2023-09-12,TRV,2023-09-12,neutral,Buy,Buy
Travelers_2023-09-13,TRV,2023-09-13,positive,Sell,Hold
Travelers_2023-09-14,TRV,2023-09-14,negative,Buy,Hold
Travelers_2023-09-15,TRV,2023-09-15,neutral,Sell,Sell
Travelers_2023-09-18,TRV,2023-09-18,negative,Buy,Hold
Travelers_2023-09-19,TRV,2023-09-19,negative,Sell,Strong Sell
Travelers_2023-09-20,TRV,2023-09-20,positive,Buy,Strong Buy
Travelers_2023-09-21,TRV,2023-09-21,positive,Sell,Hold
Travelers_2023-09-22,TRV,2023-09-22,neutral,Buy,Buy
Travelers_2023-09-25,TRV,2023-09-25,positive,Buy,Strong Buy
Travelers_2023-09-26,TRV,2023-09-26,neutral,Sell,Sell
Travelers_2023-09-27,TRV,2023-09-27,positive,Buy,Strong Buy
Travelers_2023-09-28,TRV,2023-09-28,neutral,Buy,Buy
Travelers_2023-09-29,TRV,2023-09-29,neutral,Buy,Buy
UnitedHealth_2023-09-01,UNH,2023-09-01,neutral,Sell,Sell
UnitedHealth_2023-09-05,UNH,2023-09-05,neutral,Sell,Sell
UnitedHealth_2023-09-06,UNH,2023-09-06,positive,Sell,Hold
UnitedHealth_2023-09-07,UNH,2023-09-07,negative,Buy,Hold
UnitedHealth_2023-09-08,UNH,2023-09-08,positive,Sell,Hold
UnitedHealth_2023-09-11,UNH,2023-09-11,positive,Sell,Hold
UnitedHealth_2023-09-12,UNH,2023-09-12,positive,Buy,Strong Buy
UnitedHealth_2023-09-13,UNH,2023-09-13,positive,Sell,Hold
UnitedHealth_2023-09-14,UNH,2023-09-14,neutral,Buy,Buy
UnitedHealth_2023-09-15,UNH,2023-09-15,neutral,Buy,Buy
UnitedHealth_2023-09-18,UNH,2023-09-18,positive,Sell,Hold
UnitedHealth_2023-09-19,UNH,2023-09-19,neutral,Sell,Sell
UnitedHealth_2023-09-20,UNH,2023-09-20,positive,Sell,Hold
UnitedHealth_2023-09-21,UNH,2023-09-21,neutral,Buy,Buy
UnitedHealth_2023-09-22,UNH,2023-09-22,positive,Sell,Hold
UnitedHealth_2023-09-25,UNH,2023-09-25,neutral,Sell,Sell
UnitedHealth_2023-09-26,UNH,2023-09-26,positive,Sell,Hold
UnitedHealth_2023-09-27,UNH,2023-09-27,neutral,Buy,Buy
UnitedHealth_2023-09-28,UNH,2023-09-28,positive,Sell,Hold
UnitedHealth_2023-09-29,UNH,2023-09-29,positive,Sell,Hold
Visa_2023-09-01,V,2023-09-01,neutral,Buy,Buy
Visa_2023-09-05,V,2023-09-05,positive,Sell,Hold
Visa_2023-09-06,V,2023-09-06,positive,Sell,Hold
Visa_2023-09-07,V,2023-09-07,negative,Sell,Strong Sell
Visa_2023-09-08,V,2023-09-08,positive,Buy,Strong Buy
Visa_2023-09-11,V,2023-09-11,positive,Buy,Strong Buy
Visa_2023-09-12,V,2023-09-12,positive,Buy,Strong Buy
Visa_2023-09-13,V,2023-09-13,positive,Sell,Hold
Visa_2023-09-14,V,2023-09-14,positive,Buy,Strong Buy
Visa_2023-09-15,V,2023-09-15,positive,Sell,Hold
Visa_2023-09-18,V,2023-09-18,positive,Sell,Hold
Visa_2023-09-19,V,2023-09-19,neutral,Sell,Sell
Visa_2023-09-20,V,2023-09-20,positive,Buy,Strong Buy
Visa_2023-09-21,V,2023-09-21,positive,Buy,Strong Buy
Visa_2023-09-22,V,2023-09-22,positive,Sell,Hold
Visa_2023-09-25,V,2023-09-25,positive,Sell,Hold
Visa_2023-09-26,V,2023-09-26,positive,Buy,Strong Buy
Visa_2023-09-27,V,2023-09-27,positive,Sell,Hold
Visa_2023-09-28,V,2023-09-28,positive,Sell,Hold
Visa_2023-09-29,V,2023-09-29,positive,Sell,Hold
Verizon_2023-09-01,VZ,2023-09-01,positive,Sell,Hold
Verizon_2023-09-05,VZ,2023-09-05,positive,Buy,Strong Buy
Verizon_2023-09-06,VZ,2023-09-06,positive,Buy,Strong Buy
Verizon_2023-09-07,VZ,2023-09-07,positive,Buy,Strong Buy
Verizon_2023-09-08,VZ,2023-09-08,positive,Buy,Strong Buy
Verizon_2023-09-11,VZ,2023-09-11,positive,Sell,Hold
Verizon_2023-09-12,VZ,2023-09-12,positive,Sell,Hold
Verizon_2023-09-13,VZ,2023-09-13,positive,Buy,Strong Buy
Verizon_2023-09-14,VZ,2023-09-14,positive,Sell,Hold
Verizon_2023-09-15,VZ,2023-09-15,positive,Buy,Strong Buy
Verizon_2023-09-18,VZ,2023-09-18,positive,Buy,Strong Buy
Verizon_2023-09-19,VZ,2023-09-19,positive,Sell,Hold
Verizon_2023-09-20,VZ,2023-09-20,positive,Sell,Hold
Verizon_2023-09-21,VZ,2023-09-21,positive,Sell,Hold
Verizon_2023-09-22,VZ,2023-09-22,positive,Sell,Hold
Verizon_2023-09-25,VZ,2023-09-25,positive,Buy,Strong Buy
Verizon_2023-09-26,VZ,2023-09-26,neutral,Buy,Buy
Verizon_2023-09-27,VZ,2023-09-27,neutral,Buy,Buy
Verizon_2023-09-28,VZ,2023-09-28,positive,Sell,Hold
Verizon_2023-09-29,VZ,2023-09-29,positive,Sell,Hold
Walgreens_2023-09-01,WBA,2023-09-01,neutral,Sell,Sell
Walgreens_2023-09-05,WBA,2023-09-05,neutral,Sell,Sell
Walgreens_2023-09-06,WBA,2023-09-06,neutral,Sell,Sell
Walgreens_2023-09-07,WBA,2023-09-07,positive,Buy,Strong Buy
Walgreens_2023-09-08,WBA,2023-09-08,neutral,Sell,Sell
Walgreens_2023-09-11,WBA,2023-09-11,neutral,Sell,Sell
Walgreens_2023-09-12,WBA,2023-09-12,positive,Sell,Hold
Walgreens_2023-09-13,WBA,2023-09-13,positive,Buy,Strong Buy
Walgreens_2023-09-14,WBA,2023-09-14,positive,Buy,Strong Buy
Walgreens_2023-09-15,WBA,2023-09-15,neutral,Sell,Sell
Walgreens_2023-09-18,WBA,2023-09-18,positive,Sell,Hold
Walgreens_2023-09-19,WBA,2023-09-19,positive,Sell,Hold
Walgreens_2023-09-20,WBA,2023-09-20,positive,Sell,Hold
Walgreens_2023-09-21,WBA,2023-09-21,positive,Sell,Hold
Walgreens_2023-09-22,WBA,2023-09-22,positive,Buy,Strong Buy
Walgreens_2023-09-25,WBA,2023-09-25,neutral,Sell,Sell
Walgreens_2023-09-26,WBA,2023-09-26,neutral,Sell,Sell
Walgreens_2023-09-27,WBA,2023-09-27,positive,Sell,Hold
Walgreens_2023-09-28,WBA,2023-09-28,neutral,Sell,Sell
Walgreens_2023-09-29,WBA,2023-09-29,neutral,Buy,Buy
Exxon Mobil_2023-09-01,XOM,2023-09-01,neutral,Buy,Buy
Exxon Mobil_2023-09-05,XOM,2023-09-05,neutral,Sell,Sell
Exxon Mobil_2023-09-06,XOM,2023-09-06,positive,Sell,Hold
Exxon Mobil_2023-09-07,XOM,2023-09-07,neutral,Sell,Sell
Exxon Mobil_2023-09-08,XOM,2023-09-08,positive,Sell,Hold
Exxon Mobil_2023-09-11,XOM,2023-09-11,positive,Sell,Hold
Exxon Mobil_2023-09-12,XOM,2023-09-12,positive,Sell,Hold
Exxon Mobil_2023-09-13,XOM,2023-09-13,positive,Sell,Hold
Exxon Mobil_2023-09-14,XOM,2023-09-14,positive,Sell,Hold
Exxon Mobil_2023-09-15,XOM,2023-09-15,positive,Sell,Hold
Exxon Mobil_2023-09-18,XOM,2023-09-18,positive,Sell,Hold
Exxon Mobil_2023-09-19,XOM,2023-09-19,positive,Buy,Strong Buy
Exxon Mobil_2023-09-20,XOM,2023-09-20,positive,Buy,Strong Buy
Exxon Mobil_2023-09-21,XOM,2023-09-21,positive,Buy,Strong Buy
Exxon Mobil_2023-09-22,XOM,2023-09-22,neutral,Sell,Sell
Exxon Mobil_2023-09-25,XOM,2023-09-25,positive,Sell,Hold
Exxon Mobil_2023-09-26,XOM,2023-09-26,positive,Sell,Hold
Exxon Mobil_2023-09-27,XOM,2023-09-27,positive,Sell,Hold
Exxon Mobil_2023-09-28,XOM,2023-09-28,positive,Sell,Hold
Exxon Mobil_2023-09-29,XOM,2023-09-29,positive,Sell,Hold
